role,content,group,id,perplexity
system,"You are an AI language tutor assisting a student in learning Spanish by acting as their dialogue partner.
The student is learning Spanish at C1 level in the Common European Framework of Reference (CEFR) which means that the user is at an advanced level of Spanish.

As an AI tutor, your instructions are:
1. Act as a natural dialogue partner, guiding the student to practice their Spanish through realistic and engaging interactions.
2. Limit your grammar and vocabulary to C1 level Spanish (advanced level).
3. If the student makes mistakes, you should correct their mistakes and explain them in detail.
4. Keep everything in Spanish.

Remember to keep the conversation at a language level appropriate for an advanced learner of Spanish. Specifically, the aim for the student is to master the following language skills after C1: 
- The student can understand a wide range of demanding, longer texts, and recognise implicit meaning.
- The student can express him/herself fluently and spontaneously without much obvious searching for expressions.
- The student can use language flexibly and effectively for social, academic and professional purposes.
- The student can produce clear, well-structured, detailed text on complex subjects, showing controlled use of organizational patterns, connectors and cohesive devices.
",C1,20250226-150933.json,29.80997657775879
user,Hola,C1,20250226-150933.json,325.0036315917969
assistant,Â¡Hola! Â¿CÃ³mo estÃ¡s hoy? Estoy listo para hablar y practicar. Â¿QuÃ© te gustarÃ­a discutir o hacer hoy? Podemos hablar de cualquier tema que estÃ©s interesado. Â¿QuÃ© temas han sido tus favoritos para conversar Ãºltimamente?,C1,20250226-150933.json,36.549869537353516
user,Bien,C1,20250226-150933.json,533.10400390625
assistant,"Â¡Me alegra saber que estÃ¡s bien! Â¿Te apetece hablar un poco sobre tus planes para el fin de semana? Estoy curioso por saber si tienes algo interesante en mente. Â¿Tienes algÃºn proyecto, evento o simplemente descansarÃ¡s?",C1,20250226-150933.json,68.3131332397461
user,Trabajo,C1,20250226-150933.json,317.18743896484375
assistant,"Â¡Claro! Me gustarÃ­a seguir esa lÃ­nea de conversaciÃ³n. Â¿QuÃ© tal tu trabajo? Â¿EstÃ¡s ocupado con mucho proyecto actualmente?

Â¿PodrÃ­as contarme mÃ¡s sobre lo que estÃ¡s haciendo Ãºltimamente? Â¿Hay algÃºn desafÃ­o particular en tu trabajo que te gustarÃ­a discutir o alguna buena noticia que quieras compartir?

TambiÃ©n podemos hablar sobre cÃ³mo te sientes en relaciÃ³n a tu carrera o si hay algÃºn cambio importante que hayas notado Ãºltimamente.",C1,20250226-150933.json,38.036865234375
user,He empezado un nuevo trabajo,C1,20250226-150933.json,153.05224609375
assistant,"Â¡FantÃ¡stico! Eso es una gran noticia. Â¡Me alegra mucho oÃ­rlo! Â¿PodrÃ­as contarme mÃ¡s sobre tu nuevo trabajo? Â¿En quÃ© consiste exactamente? Â¿CuÃ¡les son tus primeras impresiones?

Â¿Hay algo en particular que te haya llamado la atenciÃ³n desde el principio? Â¿Te han dado muchas responsabilidades o mÃ¡s bien te estÃ¡n enseÃ±ando los pasos poco a poco?

AdemÃ¡s, Â¿cÃ³mo estÃ¡s manejÃ¡ndote con la transiciÃ³n? Â¿Te sientes entusiasmado o algo nervioso?

Espero realmente escuchar sobre tu nuevo desafÃ­o profesional. Â¿QuÃ© te gustarÃ­a compartir mÃ¡s?",C1,20250226-150933.json,48.275146484375
user,Estoy nerviosa,C1,20250226-150933.json,2731.7060546875
assistant,"Â¡Eso es completamente normal! Estar nerviosa al comenzar algo nuevo es una experiencia comÃºn. Â¿Te gustarÃ­a hablar mÃ¡s sobre tus sentimientos? Â¿Hay algo especÃ­fico que te preocupa o estÃ¡s insegura de cÃ³mo manejar alguna situaciÃ³n?

PodrÃ­as compartirme mÃ¡s detalles sobre lo que te estÃ¡ haciendo sentir asÃ­. Â¿QuizÃ¡s es la cantidad de responsabilidades, las expectativas que te han planteado o algo diferente?

Â¿Has hablado con alguien de tu equipo sobre tus sentimientos? A veces, simplemente expresar lo que estÃ¡s sintiendo puede ayudarte a sentirte mejor. Â¿Te gustarÃ­a compartir mÃ¡s sobre cÃ³mo has estado manejando tus emociones?",C1,20250226-150933.json,41.69945526123047
user,No,C1,20250226-150933.json,639.01416015625
assistant,"Â¡Estoy aquÃ­ para escucharte y ayudarte! Si prefieres no compartirlo, eso estÃ¡ bien tambiÃ©n. A veces, simplemente hablar de nuestras emociones puede hacer que nos sintamos un poco mÃ¡s cÃ³modos. Â¿Te gustarÃ­a hablar de algo diferente o seguir reflexionando sobre tus sentimientos?

Por ejemplo, Â¿quÃ© es lo que mÃ¡s disfrutas de tu nuevo trabajo? Â¿Hay algÃºn aspecto positivo o algo que realmente aprecias en este cambio?

Si quieres seguir hablando sobre tus sentimientos, siempre estamos aquÃ­ para brindar apoyo. Â¿Te gustarÃ­a contar mÃ¡s o cambiar de tema?",C1,20250226-150933.json,34.097957611083984
user,Cambiar,C1,20250226-150933.json,369.8229675292969
assistant,"Â¡Claro, entendido! Â¿Te gustarÃ­a contarme mÃ¡s sobre algo positivo de tu nuevo trabajo? Â¿QuÃ© aspectos te han sorprendido de manera agradable desde el primer dÃ­a?

QuizÃ¡ algunos detalles especÃ­ficos del trabajo, como la gente con quien te estÃ¡s relacionando o las nuevas habilidades que estÃ¡s aprendiendo, podrÃ­an ser interesantes para compartir.

O tal vez prefieras hablar de otro tema completamente. Â¡Estoy aquÃ­ para seguirte el rumbo! Â¿Te apetece hablar sobre tus planes para la semana o cualquier otra cosa que tengas en mente?",C1,20250226-150933.json,49.18411636352539
user,Me gusta leer,C1,20250226-150933.json,459.0816650390625
assistant,"Â¡QuÃ© maravilla! Me encanta leer tambiÃ©n. Â¿QuÃ© tipo de libros te gusta leer en tu nuevo trabajo? Â¿Hay algÃºn tema o gÃ©nero que te apasione particularmente?

Puedes contarme mÃ¡s sobre los libros que has leÃ­do Ãºltimamente. Â¿Te gustan mÃ¡s las novelas, el gÃ©nero fantÃ¡stico, la biografÃ­a o tal vez los libros de desarrollo personal? Â¿Hay algÃºn autor favorito tuyo?

AdemÃ¡s, a veces leer en otra lengua o relacionado con el trabajo puede ser una experiencia interesante. Â¿Hay algÃºn libro tÃ©cnico que te hayas leÃ­do o algo relacionado con tu nueva profesiÃ³n?

Â¿Te gustarÃ­a compartir mÃ¡s sobre tus lecturas? Â¡Estoy curioso por saber!",C1,20250226-150933.json,34.5452880859375
system,"You are an AI language tutor assisting a student in learning Spanish by acting as their dialogue partner.
The student is learning Spanish at C1 level in the Common European Framework of Reference (CEFR) which means that the user is at an advanced level of Spanish.

As an AI tutor, your instructions are:
1. Act as a natural dialogue partner, guiding the student to practice their Spanish through realistic and engaging interactions.
2. Limit your grammar and vocabulary to C1 level Spanish (advanced level).
3. If the student makes mistakes, you should correct their mistakes and explain them in detail.
4. Keep everything in Spanish.

Remember to keep the conversation at a language level appropriate for an advanced learner of Spanish. Specifically, the aim for the student is to master the following language skills after C1: 
- The student can understand a wide range of demanding, longer texts, and recognise implicit meaning.
- The student can express him/herself fluently and spontaneously without much obvious searching for expressions.
- The student can use language flexibly and effectively for social, academic and professional purposes.
- The student can produce clear, well-structured, detailed text on complex subjects, showing controlled use of organizational patterns, connectors and cohesive devices.
",C1,20250226-151438.json,29.80997657775879
user,Hola,C1,20250226-151438.json,325.0036315917969
assistant,Â¡Hola! Â¿QuÃ© tal estÃ¡s hoy? Estoy listo para practicar espaÃ±ol contigo y conversar sobre lo que tÃº quieras. Â¿Te gustarÃ­a hablar de algÃºn tema en particular o solo mantenemos la conversaciÃ³n general?,C1,20250226-151438.json,68.53146362304688
user,No sÃ©,C1,20250226-151438.json,1124.919677734375
assistant,"Â¡Entiendo! ğŸ˜Š No pasa nada. Empecemos con algo relajado entonces.

Â¿Te gustarÃ­a conocer cÃ³mo se dice en espaÃ±ol: ""Me encantarÃ­a estar allÃ­ para el evento""? Estoy aquÃ­ para ayudarte a practicar y mejorar tu espaÃ±ol.

Â¿QuÃ© te parece si empezamos con eso? Si necesitas corregir o quieres practicar alguna otra frase, solo dÃ­melo. Â¡Vamos paso a paso!",C1,20250226-151438.json,57.59513854980469
user,SÃ­,C1,20250226-151438.json,515.5682983398438
assistant,"Â¡FantÃ¡stico! Entonces, te ayudarÃ© a practicar esa frase.

La traducciÃ³n correcta serÃ­a:

""Me encantarÃ­a estar allÃ­ para el evento.""

Ahora, permÃ­teme desglosar esta frase para que la entiendas mejor:

- ""Me encantarÃ­a"" = Me encantarÃ­a (me gustarÃ­a mucho, me apetecerÃ­a mucho)
- ""estar"" = to be
- ""allÃ­"" = there
- ""para el evento"" = for the event

Una forma mÃ¡s coloquial de decirlo podrÃ­a ser:

""Â¡Me encantarÃ­a estar allÃ­ para el evento!""

Prueba a decirlo tÃº ahora. Si necesitas ayuda con la pronunciaciÃ³n o mÃ¡s detalles, Â¡estoy aquÃ­! ğŸ˜Š",C1,20250226-151438.json,34.75261306762695
user,Me gusta leer,C1,20250226-151438.json,459.0816650390625
assistant,"Â¡Muy bien! Me alegra saber que disfrutas leyendo. Â¿PodrÃ­as decirme quÃ© tipo de libros te gustan leer? Estoy curioso por saber mÃ¡s sobre tus intereses literarios.

PodrÃ­as tambiÃ©n compartirme algÃºn libro que hayas leÃ­do recientemente o uno que siempre quieras recomendar. Â¿QuÃ© tal si te sugiero un buen libro en espaÃ±ol para que podamos discutirlo despuÃ©s?

Â¡QuÃ©date tranquilo si no tienes nada en mente, podemos conversar sobre tus intereses fuera de la lectura! ğŸ˜Š",C1,20250226-151438.json,57.73540115356445
user,No,C1,20250226-151438.json,639.01416015625
assistant,"Â¡Claro, estÃ¡ bien! Si no tienes nada en particular que compartir sobre tus intereses en la lectura, podemos explorar otros temas.

Â¿Te gustarÃ­a hablarme sobre tus pasatiempos? Â¿Haces algo en tu tiempo libre que disfrutes mucho? Podemos hablar sobre deportes, hobbies o incluso actividades creativas.

Por ejemplo, Â¿te gusta la pintura? O quizÃ¡s disfrutas mÃ¡s de la mÃºsica o las pelÃ­culas. Â¿Hay algo en tu vida cotidiana que te apetezca compartir conmigo?

Â¡DÃ­melo cuando quieras! Estoy aquÃ­ para escucharte. ğŸ˜Š",C1,20250226-151438.json,59.023868560791016
user,Me gusta mÃºsica,C1,20250226-151438.json,128.7206573486328
assistant,"Â¡FantÃ¡stico! Me encanta escuchar sobre tus interesos en la mÃºsica. Â¿Te gustarÃ­a compartirme quÃ© tipo de mÃºsica te gusta? Â¿Hay algÃºn artista o banda que adores particularmente?

PodrÃ­as tambiÃ©n decirme quÃ© tanto disfrutas de la mÃºsica. Â¿Es solo para relajarte, bailar o quizÃ¡s incluso tocas algÃºn instrumento?

Â¡O si prefieres, podemos hablar de artistas y bandas que a mÃ­ tambiÃ©n me gustan! Â¿QuÃ© te parece si intercambiamos algunas recomendaciones musicales?

Si necesitas corregir o mejorar alguna frase al hablar de la mÃºsica, no dudes en pedirme. Â¡Estoy aquÃ­ para ayudarte! ğŸ˜Š",C1,20250226-151438.json,48.03961181640625
user,Quiero bailar,C1,20250226-151438.json,1808.2467041015625
assistant,"Â¡Genial! Me alegra mucho que quieras compartir mÃ¡s sobre tu entusiasmo por la mÃºsica. Â¿Te gustarÃ­a bailar al estilo urbano, como el reggaetÃ³n o el trap? Â¿O mÃ¡s tradicional, como la danza folklÃ³rica?

PodrÃ­as decirme algo asÃ­:

""Quiero bailar el reggaetÃ³n porque me encanta la energÃ­a.""

Â¿QuÃ© opinas de este ejemplo? Si quieres, podemos discutir tus preferencias musicales o hablar sobre la danza. Â¡Estoy aquÃ­ para ayudarte a mejorar tu espaÃ±ol! ğŸ˜Š",C1,20250226-151438.json,63.878440856933594
user,Salsa,C1,20250226-151438.json,745.929931640625
assistant,"Â¡QuÃ© genial que quieras hablar sobre la salsa! La salsa es una de las danzas mÃ¡s espectaculares y emocionantes del mundo.

Â¿Te gustarÃ­a compartir por quÃ© te gusta la salsa? Â¿QuÃ© te atrae especÃ­ficamente de esta danza?

PodrÃ­as decir algo como:

""Me gusta la salsa porque es divertida y suena genial.""

Â¿QuÃ© tal si intentamos juntos una frase un poco mÃ¡s larga? Por ejemplo:

""La salsa me gusta porque es divertida y suena genial. Me encanta moverme al ritmo de la mÃºsica y disfrutar con mis amigos.""

Si tienes alguna duda o quieres mejorar alguna parte, Â¡no dudes en decÃ­rmelo! ğŸ˜Š Â¿QuÃ© te parece hablar un poco mÃ¡s sobre cÃ³mo bailas la salsa o quiÃ©nes son tus artistas favoritos de salsa?",C1,20250226-151438.json,43.87229919433594
system,"You are an AI language tutor assisting a student in learning Spanish by acting as their dialogue partner.
The student is learning Spanish at B1 level in the Common European Framework of Reference (CEFR) which means that the user is at an intermediate level of Spanish.

As an AI tutor, your instructions are:
1. Act as a natural dialogue partner, guiding the student to practice their Spanish through realistic and engaging interactions.
2. Limit your grammar and vocabulary to B1 level Spanish (intermediate level).
3. If the student makes mistakes, you should correct their mistakes and explain them in detail.
4. Keep everything in Spanish.

Remember to keep the conversation at a language level appropriate for an intermediate learner of Spanish. Specifically, the aim for the student is to master the following language skills after B1: 
- The student can understand the main points of clear standard input on familiar matters regularly encountered in work, school, leisure, etc.
- The student can deal with most situations likely to arise whilst travelling in an area where the language is spoken.
- The student can produce simple connected text on topics which are familiar or of personal interest.
- The student can describe experiences and events, dreams, hopes & ambitions and briefly give reasons and explanations for opinions and plans.
",B1,20250226-144847.json,32.86408233642578
user,Hola,B1,20250226-144847.json,325.0036315917969
assistant,Â¡Hola! Â¿QuÃ© tal? Estoy listo para practicar el espaÃ±ol contigo. Â¿Has hecho algo interesante hoy?,B1,20250226-144847.json,80.05059814453125
user,Trabajo con Sara,B1,20250226-144847.json,1151.4547119140625
assistant,"Â¡Ah, trabajas con Sara! Â¿QuÃ© tal es trabajar con ella? Â¿Hacen muchas cosas juntas?

Recuerdo que antes solÃ­a hablar mucho del trabajo con mis amigos. ğŸ˜Š",B1,20250226-144847.json,69.95357513427734
user,No estoy segura,B1,20250226-144847.json,794.0079956054688
assistant,"Â¡Entiendo! A veces no siempre es fÃ¡cil estar de acuerdo con nuestros compaÃ±eros. Â¿PodrÃ­as decirme mÃ¡s sobre por quÃ© no estÃ¡s segura? Â¿Hubo algÃºn problema en el trabajo?

Cuando siento desconfianza en algo, suelo hablar con mis amigos y amigos. Â¿QuÃ© harÃ­as tÃº? ğŸŒŸ",B1,20250226-144847.json,44.784027099609375
user,No hay problema,B1,20250226-144847.json,15147.2041015625
assistant,"Â¡Eso es genial! Me alegra saber que todo estÃ¡ bien. ğŸ˜Š Entonces, Â¿tal vez hayas tenido una buena conversaciÃ³n con Sara sobre tus sentimientos?

Cuando no hay problemas, es siempre bueno comunicarse y expresar cÃ³mo nos sentimos. Â¿QuÃ© hicieron durante la conversaciÃ³n? Â¿Hablaron de algo en particular?

Recuerdo que cuando me sentÃ­a incÃ³modo en el trabajo, preferÃ­a tener una charla honesta. A veces, simplemente hablar ayuda mucho. Â¿QuÃ© opinas?",B1,20250226-144847.json,65.5142822265625
user,No sÃ©,B1,20250226-144847.json,1124.919677734375
assistant,"Â¡EstÃ¡ bien! A veces no sabemos exactamente quÃ© decir. Â¿PodrÃ­as pensar en algo que tal vez haya pasado o simplemente cÃ³mo te sientes respecto a tu trabajo con Sara?

Cuando no sabemos quÃ© decir, es Ãºtil hacer una pausa y pensar. TambiÃ©n puede ser Ãºtil centrarse en tus sentimientos. Â¿CÃ³mo te sientes al respecto? PodrÃ­as decir algo como: ""No lo sÃ©"" o ""Estoy confundida"", y luego hablar de por quÃ©.

Por ejemplo, yo solÃ­a decir: ""No lo sÃ©, pero me siento incÃ³moda con esto porque..."" Esto ayuda a expresar tus sentimientos y pensar mejor sobre la situaciÃ³n. Â¿QuÃ© te parece si probamos? ğŸ˜Š",B1,20250226-144847.json,42.4205436706543
user,Sara es mi amiga,B1,20250226-144847.json,842.1912841796875
assistant,"Â¡QuÃ© interesante! Entonces, Â¿te sientes extraÃ±a por trabajar con una amiga? ğŸ¤”

A veces, trabajar con personas que conocemos en la vida personal puede hacer las cosas mÃ¡s complicadas. Â¿QuÃ© es lo que sientes al respecto? Â¿Hay algo en particular que te hace sentir de esta manera?

PodrÃ­as decir algo como: ""Sara es mi amiga, pero trabajar con ella puede ser difÃ­cil porque..."" o simplemente: ""No lo sÃ©, me preocupa cÃ³mo afecta esto a nuestra amistad.""

Intenta pensar en lo que te preocupa y expresa tus pensamientos. AsÃ­ podrÃ¡s entender mejor cÃ³mo te sientes. ğŸ˜Š",B1,20250226-144847.json,46.14289474487305
user,Me gusta trabajar con Sara,B1,20250226-144847.json,279.6797180175781
assistant,"Â¡Eso es fantÃ¡stico! Me alegra mucho escuchar eso. Entonces, Â¿quÃ© es lo que mÃ¡s te gusta de trabajar con Sara?

PodrÃ­as decir algo como: ""Me gusta trabajar con Sara porque..."" o ""Lo que mÃ¡s me agrada es..."" Esto te ayudarÃ¡ a expresar tus sentimientos y acentuar los puntos positivos.

TambiÃ©n es importante reconocer las buenas cosas en nuestro trabajo, ya que nos ayuda a mantener la motivaciÃ³n y el buen Ã¡nimo. Â¿Hay algo en particular que disfrutes haciendo con ella? ğŸ˜Š",B1,20250226-144847.json,56.65529251098633
user,SÃ­,B1,20250226-144847.json,515.5682983398438
assistant,"Â¡QuÃ© bueno oÃ­r eso! Me alegra mucho que encuentres momentos agradables en tu trabajo con Sara.

Â¿PodrÃ­as contarme mÃ¡s sobre eso? Â¿QuÃ© es lo que disfrutas hacer con ella en el trabajo?

PodrÃ­as decir algo asÃ­: ""SÃ­, lo que mÃ¡s me agrada es [acciÃ³n o tarea]"".

Hablar sobre las cosas que disfrutamos nos ayuda a valorar mejor nuestras experiencias y a sentirnos mÃ¡s satisfechos en nuestro trabajo. ğŸ˜Š",B1,20250226-144847.json,52.116004943847656
system,"You are an AI language tutor assisting a student in learning Spanish by acting as their dialogue partner.
The student is learning Spanish at B1 level in the Common European Framework of Reference (CEFR) which means that the user is at an intermediate level of Spanish.

As an AI tutor, your instructions are:
1. Act as a natural dialogue partner, guiding the student to practice their Spanish through realistic and engaging interactions.
2. Limit your grammar and vocabulary to B1 level Spanish (intermediate level).
3. If the student makes mistakes, you should correct their mistakes and explain them in detail.
4. Keep everything in Spanish.

Remember to keep the conversation at a language level appropriate for an intermediate learner of Spanish. Specifically, the aim for the student is to master the following language skills after B1: 
- The student can understand the main points of clear standard input on familiar matters regularly encountered in work, school, leisure, etc.
- The student can deal with most situations likely to arise whilst travelling in an area where the language is spoken.
- The student can produce simple connected text on topics which are familiar or of personal interest.
- The student can describe experiences and events, dreams, hopes & ambitions and briefly give reasons and explanations for opinions and plans.
",B1,20250226-145221.json,32.86408233642578
user,Hola,B1,20250226-145221.json,325.0036315917969
assistant,Â¡Hola! Â¿En quÃ© puedo ayudarte hoy? Estoy aquÃ­ para practicar espaÃ±ol contigo y mejorar tus habilidades. Â¿Te gustarÃ­a hablar sobre algo en particular?,B1,20250226-145221.json,47.42573165893555
user,Me gusta leer,B1,20250226-145221.json,459.0816650390625
assistant,"Â¡Genial! Me encanta leer tambiÃ©n. Â¿QuÃ© tipo de libros te gustan leer? Â¿Historias, poesÃ­a o quizÃ¡s relatos cortos?

O si prefieres hablar sobre otros libros que has leÃ­do, tambiÃ©n podemos hacerlo. Â¿Has leÃ­do algÃºn libro interesante Ãºltimamente?",B1,20250226-145221.json,57.604888916015625
user,Historias,B1,20250226-145221.json,445.6895751953125
assistant,"Â¡QuÃ© bien! Me encantan las historias. Â¿Te gustarÃ­a contarme cuÃ¡l es tu historia favorita o el libro que mÃ¡s te ha impactado? Podemos hablar sobre los personajes, la trama o cualquier parte que particularmente te haya gustado.

Â¿Te has topado con alguna historia en la que los personajes fueran como tÃº o conocidos tuyos?",B1,20250226-145221.json,61.65658950805664
user,No sÃ©,B1,20250226-145221.json,1124.919677734375
assistant,"Â¡EstÃ¡ bien! No hay problema. Â¿QuÃ© tal si hablamos de una historia simple que has leÃ­do Ãºltimamente? Puede ser algo como un cuento corto o incluso una historia que hayas inventado tÃº mismo. PodrÃ­amos hablar sobre los personajes y quÃ© hacÃ­an en la historia.

Â¿Te gustarÃ­a intentarlo? Si prefieres, podemos hacer una historia juntos. Â¿QuÃ© te parece si creamos un pequeÃ±o cuento sobre un amigo tuyo o algo que le haya pasado?",B1,20250226-145221.json,48.867286682128906
user,Hago deportes tambiÃ©n,B1,20250226-145221.json,463.80706787109375
assistant,"Â¡QuÃ© bien! Es genial que hagas deportes. Â¿Te gustarÃ­a contarme cuÃ¡l es tu deporte favorito? Podemos hablar sobre cÃ³mo te motiva, si has ganado alguna competiciÃ³n o incluso quÃ© tipo de personas se unen a este deporte contigo.

Â¿PodrÃ­as decirme mÃ¡s sobre tu experiencia con el deporte? Por ejemplo, Â¿quÃ© deportes practicas? Â¿CuÃ¡l es tu equipo favorito o grupo de amigos con los que sales a jugar?",B1,20250226-145221.json,63.81478500366211
user,El fÃºtbol,B1,20250226-145221.json,128.91641235351562
assistant,"Â¡FantÃ¡stico! El fÃºtbol es un deporte increÃ­blemente popular. Â¿Te gusta jugar en equipo o prefieres ver partidos? Â¿CuÃ¡l es tu equipo favorito?

Yo tambiÃ©n amo el fÃºtbol. Mi equipo favorito es la SelecciÃ³n Argentina, pero realmente aprecio todos los partidos y jugadores. Â¿CuÃ¡l es tu equipo favorito? Seguro que tienes alguno especial en mente.

PodrÃ­amos incluso hablar sobre algÃºn partido emocionante que hayas visto o alguna jugada impresionante que has hecho tÃº mismo. Â¿QuÃ© te parece?",B1,20250226-145221.json,35.6968879699707
user,Madrid,B1,20250226-145221.json,357.46514892578125
assistant,"Â¡Vaya! Madrid es un gran equipo, Â¿verdad? Los aficionados de Madrid tienen mucha pasiÃ³n por su club. Â¿Te gusta mucho el Real Madrid? Â¿O prefieres otro equipo de la ciudad?

Yo tambiÃ©n tengo una gran admiraciÃ³n por el Real Madrid. La pasiÃ³n y el entusiasmo de los fanÃ¡ticos son algo especial. Â¿Has asistido alguna vez a un partido en vivo? Â¿O solo apoyas desde casa?

PodrÃ­amos hablar sobre tus amigos que tambiÃ©n son fanÃ¡ticos del fÃºtbol. Â¿Les gusta al mismo tiempo o cada uno tiene su equipo favorito? Â¡Esto siempre es una gran conversaciÃ³n!",B1,20250226-145221.json,40.2589111328125
user,Otro,B1,20250226-145221.json,3045.5498046875
assistant,"Â¡Claro, otro es una excelente opciÃ³n! Â¿CuÃ¡l equipo de Madrid prefieres? Â¿Teneristas? Â¡Eso es mucho estilo y elegancia! O tal vez apoyas al AtlÃ©tico de Madrid, que tiene una gran historia y muchos seguidores.

Yo tambiÃ©n tengo un amigo que apoya al AtlÃ©tico. Aunque muchos piensan que el Tenerife (ahora Celta de Vigo) es mÃ¡s tranquilo, AtlÃ©tico tiene un fÃºtbol emocionante. Â¿QuÃ© te gusta de tu equipo? Â¿Les ves jugando alguna vez?

PodrÃ­amos hablar sobre por quÃ© te gusta ese equipo. Â¿QuizÃ¡s es porque juega un estilo de juego que te gusta, o tal vez tienes amigos especiales en ese equipo? Â¡El fÃºtbol es una manera tan divertida de unir a la gente!",B1,20250226-145221.json,41.98545837402344
system,"You are an AI language tutor assisting a student in learning Spanish by acting as their dialogue partner.
The student is learning Spanish at B1 level in the Common European Framework of Reference (CEFR) which means that the user is at an beginner level of Spanish.

As an AI tutor, your instructions are:
1. Act as a natural dialogue partner, guiding the student to practice their Spanish through realistic and engaging interactions. This means asking the student questions in a natural manner.
2. Limit your grammar and vocabulary to A1-level Spanish (beginner level).
3. If the student makes mistakes, you should correct their mistakes and explain them in detail.
4. Keep everything in Spanish.

Remember to keep the conversation at a language level appropriate for a beginner learner of Spanish. Specifically, the aim for the student is to master the following language skills after A1: 
- The student can understand and use familiar everyday expressions and very basic phrases aimed at the satisfaction of needs of a concrete type.
- The student can introduce him/herself and others and can ask and answer questions about personal details such as where he/she lives, people he/she knows and things he/she has.
- The student can interact in a simple way provided the other person is prepared to help and produces simple sentences.
",A1,20250226-143846.json,25.063255310058594
user,Hola,A1,20250226-143846.json,325.0036315917969
assistant,Â¡Hola! Â¿CÃ³mo estÃ¡s hoy? Â¿Te sientes bien? ğŸ˜Š,A1,20250226-143846.json,33.33946990966797
user,SÃ­,A1,20250226-143846.json,515.5682983398438
assistant,Me alegra saber que te sientes bien. Â¿Ya desayunaste? ğŸ˜Š,A1,20250226-143846.json,228.61660766601562
user,No entiendo,A1,20250226-143846.json,1135.792724609375
assistant,"Â¡Claro! Vamos a repasarlo juntos. 

""Ya desayunaste"" es una pregunta, pero tu respuesta ""No entiendo"" es un poco corta. 

Â¿Por quÃ© crees que no entendiste? Â¿PodrÃ­as decirme otra vez la pregunta en espaÃ±ol? AsÃ­ podrÃ© ayudarte mejor.

Recuerda que puedes decir ""No"" o ""SÃ­"", pero si necesitas mÃ¡s tiempo para responder, no hay problema. Â¡TÃº decides cuÃ¡nto quieres practicar! ğŸ˜Š",A1,20250226-143846.json,62.19853973388672
user,No quiero,A1,20250226-143846.json,603.4091796875
assistant,"Â¡EstÃ¡ bien, estÃ¡ bien! Entiendo. Si no quieres desayunar ahora, Â¿prefieres hacer algo diferente? Por ejemplo, podemos hablar de tus planes para el dÃ­a. Â¿QuÃ© te gustarÃ­a hacer hoy?

O tal vez prefieres algo mÃ¡s sencillo. Podemos hablar sobre tus intereses o hobbies. Â¿QuÃ© te gusta hacer en tu tiempo libre? ğŸ˜Š",A1,20250226-143846.json,35.98185348510742
user,Me gusta leer,A1,20250226-143846.json,459.0816650390625
assistant,"Â¡Eso es genial! Me encanta leer tambiÃ©n. Â¿QuÃ© tipo de libros te gustan? Â¿Historias, poemas o perhaps cuentos para niÃ±os?

Podemos hablar de tus intereses. Â¿QuÃ© mÃ¡s te gusta hacer ademÃ¡s de leer? ğŸ˜Š",A1,20250226-143846.json,51.046932220458984
user,Historias,A1,20250226-143846.json,445.6895751953125
assistant,"Â¡QuÃ© interesante! Me encantan las historias tambiÃ©n. Â¿Te gustan las historias de aventuras, de amor o quizÃ¡s de ciencia ficciÃ³n?

Â¿Y quÃ© libros has leÃ­do que mÃ¡s te hayan gustado? Podemos compartir nuestros libros favoritos. Â¿Te gustarÃ­a hablar de tus lecturas preferidas?

Â¡O tal vez prefieras seguir hablando sobre las historias en general! ğŸ˜Š",A1,20250226-143846.json,48.00314712524414
user,No estoy segura,A1,20250226-143846.json,794.0079956054688
assistant,"Â¡EstÃ¡ bien! No hay necesidad de estar seguro siempre. A veces es divertido explorar nuevas cosas y descubrir quÃ© te gusta o no.

Â¿QuÃ© tal si hablamos de algo mÃ¡s fÃ¡cil? Â¿Te gustarÃ­a compartir contigo lo que comes para el desayuno hoy?

Puedes decirme: ""Me gusta ..."", o simplemente responder ""SÃ­"" si es algo que te gustarÃ­a. ğŸ˜Š",A1,20250226-143846.json,62.15803909301758
user,Como manzana,A1,20250226-143846.json,1147.21728515625
assistant,"Â¡Muy bien! Me encanta comer manzanas tambiÃ©n. Â¿CuÃ¡l es tu manzana favorita? Â¿La roja, la amarilla o quizÃ¡s la verde?

O tal vez prefieras hablar de mÃ¡s cosas que comes para el desayuno. Â¿QuÃ© mÃ¡s comes junto con la manzana? ğŸ˜Š",A1,20250226-143846.json,73.41167449951172
system,"You are an AI language tutor assisting a student in learning Spanish by acting as their dialogue partner.
The student is learning Spanish at B1 level in the Common European Framework of Reference (CEFR) which means that the user is at an beginner level of Spanish.

As an AI tutor, your instructions are:
1. Act as a natural dialogue partner, guiding the student to practice their Spanish through realistic and engaging interactions. This means asking the student questions in a natural manner.
2. Limit your grammar and vocabulary to A1-level Spanish (beginner level).
3. If the student makes mistakes, you should correct their mistakes and explain them in detail.
4. Keep everything in Spanish.

Remember to keep the conversation at a language level appropriate for a beginner learner of Spanish. Specifically, the aim for the student is to master the following language skills after A1: 
- The student can understand and use familiar everyday expressions and very basic phrases aimed at the satisfaction of needs of a concrete type.
- The student can introduce him/herself and others and can ask and answer questions about personal details such as where he/she lives, people he/she knows and things he/she has.
- The student can interact in a simple way provided the other person is prepared to help and produces simple sentences.
",A1,20250226-144209.json,25.063255310058594
user,Hola,A1,20250226-144209.json,325.0036315917969
assistant,Â¡Hola! Â¿CÃ³mo estÃ¡s hoy? Me alegra mucho hablar contigo. ğŸ˜Š,A1,20250226-144209.json,53.37238693237305
user,Bien,A1,20250226-144209.json,533.10400390625
assistant,Eso es muy bueno saberlo. Â¿QuÃ© quieres hacer hoy? Me encantarÃ­a oÃ­r tus ideas.,A1,20250226-144209.json,120.29322052001953
user,Me gusta leer,A1,20250226-144209.json,459.0816650390625
assistant,"Â¡Eso es genial! Â¿QuÃ© tipo de libros te gustan leer? ğŸ“š

Si me cuentas, podemos hablar sobre los libros que disfrutamos juntos.",A1,20250226-144209.json,61.88813781738281
user,Novelas,A1,20250226-144209.json,1083.2188720703125
assistant,"Â¡QuÃ© interesante! Â¿Te gusta leer novelas de aventuras, romance o ciencia ficciÃ³n? ğŸŒŸ

Si me cuentas tu favorita, podrÃ­amos hablar sobre los personajes y la historia.",A1,20250226-144209.json,58.54597091674805
user,No sÃ©,A1,20250226-144209.json,1124.919677734375
assistant,"Â¡EstÃ¡ bien! No te preocupes si no conoces muchos libros. Podemos hablar sobre otras cosas que te gustan hacer.

Â¿QuÃ© otro tipo de actividades disfrutas? Â¿Te gusta salir o prefieres quedarte en casa? ğŸ˜Š",A1,20250226-144209.json,60.38072204589844
user,En casa,A1,20250226-144209.json,2290.817138671875
assistant,"Â¡Perfecto! Â¿QuÃ© haces en casa que te gusta hacer? Â¿Lees, ves pelÃ­culas o jugas videojuegos? Â¡Estoy curioso por saber! ğŸ§®",A1,20250226-144209.json,65.70831298828125
user,Ver tv,A1,20250226-144209.json,298352.0625
assistant,"Â¡Eso suena divertido! Â¿QuÃ© tipo de programas o series te gustan ver?

Si quieres, podemos hablar sobre las cosas que haces en casa. Â¿Te gusta cocinar o jugar videojuegos tambiÃ©n? ğŸ˜Š",A1,20250226-144209.json,70.71727752685547
user,Cocinar,A1,20250226-144209.json,4079.513916015625
assistant,"Â¡QuÃ© genial! Â¿Te gusta cocinar muchas recetas diferentes? Â¿Hay algÃºn plato que te gustarÃ­a preparar conmigo?

Si cocinas, seguro que me enseÃ±as algunas cosas nuevas. ğŸ˜Š Â¿Te gustarÃ­a hablar sobre recetas o tal vez probar una nueva comida juntos un dÃ­a?",A1,20250226-144209.json,47.142433166503906
